symbol,price_change_pct,volume_change_pct,volatility_score,rsi,moving_average_gap,target_up
RELIANCE,3.78,17.37,1.3,48.56,-0.14,1
TCS,-3.98,-17.85,3.32,45.22,-2.75,0
INFY,3.48,15.53,1.49,52.42,-2.77,1
HDFCBANK,-0.87,19.2,2.75,58.48,-0.4,0
ICICIBANK,-1.75,1.31,3.32,59.31,-2.16,0
SBIN,-0.85,13.62,1.66,77.58,-1.22,0
LT,2.53,1.82,1.82,53.69,2.11,1
ITC,0.44,-1.32,2.91,25.58,2.79,1
AXISBANK,3.66,-4.75,0.84,35.73,0.91,1
BHARTIARTL,3.41,-18.18,0.7,67.03,-1.36,1
RELIANCE,2.4,-11.68,1.71,40.76,1.67,1
TCS,-1.23,-17.56,1.14,45.43,0.03,0
INFY,2.4,-15.49,0.85,62.23,0.21,1
HDFCBANK,0.69,5.09,2.07,57.28,-2.12,1
ICICIBANK,-3.51,20.8,1.36,51.99,1.74,1
SBIN,-0.18,-17.84,3.34,73.33,2.41,1
LT,3.62,24.73,2.53,30.78,1.04,1
ITC,3.3,4.42,2.78,44.87,3.03,1
AXISBANK,3.52,-2.97,1.48,67.32,-1.22,1
BHARTIARTL,-1.19,-11.76,2.17,30.67,3.06,1
RELIANCE,3.75,11.05,1.4,35.38,1.94,1
TCS,-1.49,17.75,2.86,37.88,1.68,1
INFY,-3.15,3.29,3.11,32.91,0.44,0
HDFCBANK,0.81,15.25,1.69,25.54,-0.13,1
ICICIBANK,0.75,2.56,3.26,44.0,-1.55,1
SBIN,3.51,0.75,3.0,58.33,-1.17,1
LT,4.31,21.96,2.38,29.98,-2.55,1
ITC,-3.32,16.38,3.37,50.41,0.34,0
AXISBANK,1.71,-17.69,0.77,61.16,-1.85,1
BHARTIARTL,-4.01,18.74,1.51,59.25,-0.45,0
RELIANCE,1.95,13.17,2.2,69.44,1.47,1
TCS,0.58,-19.14,2.2,65.62,-2.1,1
INFY,-1.6,2.99,0.53,39.68,-0.2,0
HDFCBANK,0.26,6.53,2.83,53.79,2.34,1
ICICIBANK,2.15,14.7,1.04,53.18,2.3,1
SBIN,0.64,15.6,1.43,57.96,3.05,1
LT,3.74,-4.11,1.08,60.67,2.18,1
ITC,0.56,-14.12,2.34,26.41,-1.07,1
AXISBANK,3.96,-8.52,2.49,44.27,-1.27,1
BHARTIARTL,2.19,18.73,2.72,67.34,2.82,1
RELIANCE,-2.03,0.4,1.51,34.46,0.92,0
TCS,4.07,0.96,2.64,41.78,-2.64,1
INFY,3.53,-2.51,1.33,56.76,3.16,1
HDFCBANK,0.34,-11.78,2.11,64.74,2.01,1
ICICIBANK,-0.74,-13.5,2.54,56.9,-2.53,0
SBIN,2.58,5.02,1.66,60.29,2.36,1
LT,-4.02,0.82,1.62,74.88,-0.96,0
ITC,-2.35,-13.68,0.91,65.77,-2.46,0
AXISBANK,-0.02,24.21,2.65,31.84,-2.09,0
BHARTIARTL,3.65,9.53,2.78,63.01,-0.67,1
RELIANCE,-0.92,3.57,1.2,39.94,3.19,1
TCS,3.09,-6.54,2.06,62.25,-1.21,1
INFY,-1.65,-12.43,2.77,26.6,-3.05,0
HDFCBANK,-0.42,9.79,1.14,34.19,-3.18,0
ICICIBANK,3.35,-9.84,2.6,41.95,-2.01,1
SBIN,3.53,-2.41,1.67,36.06,-0.55,1
LT,-3.47,13.08,1.68,40.37,-2.15,0
ITC,-1.91,-12.33,0.87,65.1,2.7,1
AXISBANK,0.71,-18.5,1.51,49.0,-2.1,1
BHARTIARTL,1.98,14.81,1.75,65.42,-1.65,1
RELIANCE,-0.09,-7.76,1.97,41.09,1.3,1
TCS,-1.47,-14.96,2.76,48.6,1.65,1
INFY,-0.61,16.06,2.37,73.14,-2.27,0
HDFCBANK,3.43,-10.64,1.17,40.42,-2.78,1
ICICIBANK,0.89,-14.21,2.34,76.54,-2.34,0
SBIN,-3.84,-9.01,2.2,25.19,2.95,1
LT,2.21,-6.07,0.65,34.41,0.99,1
ITC,0.36,17.54,0.57,26.49,1.08,1
AXISBANK,2.77,23.58,1.39,59.41,-2.48,1
BHARTIARTL,-3.44,3.29,1.96,44.43,2.29,1
RELIANCE,-2.56,-2.77,3.48,41.86,2.48,1
TCS,2.88,0.85,2.19,42.33,0.36,1
INFY,0.26,-19.94,1.49,44.01,0.66,1
HDFCBANK,0.42,17.38,2.51,70.45,-3.06,0
ICICIBANK,0.96,-16.15,1.05,37.36,-2.43,1
SBIN,-1.07,-15.82,2.31,77.44,-0.69,0
LT,0.92,2.4,2.95,66.75,-1.56,1
ITC,1.88,-19.94,1.76,59.12,-0.7,1
AXISBANK,-2.55,20.63,3.2,35.31,2.51,1
BHARTIARTL,-1.67,-5.51,2.45,29.58,3.01,1
RELIANCE,-3.04,1.02,3.35,48.58,1.79,1
TCS,-3.55,-2.66,2.81,31.69,2.06,1
INFY,2.13,17.17,2.51,53.57,1.09,1
HDFCBANK,2.74,5.11,1.99,71.42,0.32,0
ICICIBANK,-2.83,13.33,1.37,73.33,-1.49,0
SBIN,2.8,-0.82,3.44,39.23,-0.96,1
LT,3.92,-11.95,2.43,27.37,3.12,1
ITC,-1.93,20.75,2.2,32.41,0.59,0
AXISBANK,4.33,1.75,2.18,48.81,2.1,1
BHARTIARTL,3.44,7.35,2.18,77.38,-1.32,0
RELIANCE,-1.29,12.26,2.67,31.42,-2.72,0
TCS,0.03,-10.1,1.39,45.18,1.81,1
INFY,-0.82,18.71,2.89,67.11,-3.14,0
HDFCBANK,0.88,9.96,1.74,77.23,2.68,1
ICICIBANK,2.72,-19.73,2.52,48.68,1.9,1
SBIN,0.21,0.59,1.04,64.79,2.5,1
LT,-2.36,-5.47,0.72,53.92,-3.06,0
ITC,-0.27,-14.94,1.65,61.68,-0.91,0
AXISBANK,3.35,6.51,0.58,61.84,1.26,1
BHARTIARTL,3.73,7.54,2.13,49.72,-1.82,1
RELIANCE,0.03,24.74,1.7,39.65,1.38,1
TCS,0.64,15.7,3.09,57.93,-0.86,1
INFY,-4.06,21.08,1.3,35.85,1.05,1
HDFCBANK,0.58,16.58,3.0,76.71,1.08,1
ICICIBANK,2.82,12.8,2.42,31.78,-0.03,1
SBIN,3.77,16.54,1.8,27.23,0.58,1
LT,-3.39,-14.57,1.41,27.71,0.85,0
ITC,-3.37,22.61,2.54,48.57,-2.5,0
AXISBANK,-2.98,-13.81,2.52,75.66,1.08,1
BHARTIARTL,1.57,13.37,2.82,31.87,0.81,1
RELIANCE,-2.85,10.87,2.84,66.33,1.0,0
TCS,0.18,18.12,0.91,66.96,1.69,1
INFY,2.18,13.94,2.57,56.52,2.07,1
HDFCBANK,-2.92,18.97,2.28,55.78,0.46,0
ICICIBANK,3.21,-6.64,2.71,52.98,2.13,1
SBIN,3.85,2.1,2.25,39.19,-3.09,1
LT,1.58,18.47,1.05,36.57,-2.3,1
ITC,-1.67,20.9,1.28,33.18,0.83,0
AXISBANK,-0.22,7.15,1.73,70.14,0.09,0
BHARTIARTL,2.27,-2.0,1.87,76.67,-1.74,0
RELIANCE,3.0,22.55,2.57,34.32,0.1,1
TCS,1.36,-7.98,1.68,44.63,-1.82,1
INFY,2.77,21.51,0.6,66.01,-1.43,1
HDFCBANK,-3.83,7.38,2.17,32.07,-2.14,0
ICICIBANK,-1.58,-3.5,2.65,41.06,-0.58,0
SBIN,0.74,-6.62,2.06,28.21,0.75,1
LT,3.75,-10.73,1.8,74.83,-1.59,0
ITC,-0.46,-18.99,2.73,73.23,-1.05,0
AXISBANK,-2.07,2.97,0.93,31.54,-0.15,0
BHARTIARTL,-4.27,-18.57,2.9,64.85,-2.07,0
RELIANCE,-1.37,14.94,0.9,77.03,-1.68,0
TCS,-0.99,23.12,2.13,32.79,0.91,0
INFY,0.13,-4.51,2.29,51.83,2.72,1
HDFCBANK,-3.38,-3.27,2.54,57.66,0.41,0
ICICIBANK,4.33,-5.51,0.7,54.78,-2.59,1
SBIN,-3.67,23.88,0.9,28.36,-1.04,0
LT,-2.77,-19.77,0.75,72.1,-2.55,0
ITC,-4.25,16.78,0.6,65.95,-1.86,0
AXISBANK,2.09,-3.99,0.55,66.79,0.07,1
BHARTIARTL,-0.99,-13.36,0.66,42.07,0.28,0
RELIANCE,4.08,-13.22,0.66,68.65,0.59,1
TCS,1.45,18.59,1.33,68.51,2.65,1
INFY,4.47,8.94,0.72,52.03,-2.16,1
HDFCBANK,1.26,-5.11,0.69,65.63,-1.58,1
ICICIBANK,0.1,15.03,2.4,61.93,-0.52,1
SBIN,-3.29,-6.53,3.32,26.68,-0.12,0
LT,3.82,12.65,0.95,53.66,-0.89,1
ITC,-2.58,3.56,1.82,64.7,-3.05,0
AXISBANK,-0.95,23.86,0.74,71.31,0.09,0
BHARTIARTL,-0.55,-4.71,1.36,44.67,2.46,1
RELIANCE,3.79,-13.65,2.51,38.88,-0.56,1
TCS,3.08,-3.63,2.4,53.68,-0.57,1
INFY,2.08,-17.76,2.65,74.03,3.07,1
HDFCBANK,-2.56,21.79,2.61,58.33,2.84,1
ICICIBANK,-1.05,5.42,2.89,76.56,-1.25,0
SBIN,0.49,-11.84,1.75,45.87,2.64,1
LT,1.13,-6.81,0.8,30.66,2.85,1
ITC,-0.53,21.81,2.97,34.92,-2.72,0
AXISBANK,2.4,9.27,0.69,75.7,-1.35,0
BHARTIARTL,-2.08,15.93,2.27,77.76,-1.09,0
RELIANCE,2.48,-14.94,0.59,69.66,-0.65,1
TCS,-2.19,-4.25,2.67,60.27,2.54,1
INFY,-1.3,6.87,3.32,49.99,1.99,1
HDFCBANK,-2.3,10.77,1.21,68.6,0.17,0
ICICIBANK,-0.11,-9.95,3.25,70.23,2.8,1
SBIN,-2.28,6.39,1.35,63.34,-0.93,0
LT,-0.42,-2.22,1.55,37.37,-1.44,0
ITC,3.73,-19.32,1.92,68.7,1.11,1
AXISBANK,-4.49,0.09,0.61,54.42,1.59,1
BHARTIARTL,-1.07,24.3,2.48,75.93,0.6,0
RELIANCE,-1.83,-19.54,3.49,64.43,1.76,1
TCS,-3.42,2.7,1.75,30.61,1.64,1
INFY,4.49,-2.35,1.37,60.55,2.07,1
HDFCBANK,-3.32,-1.25,1.1,48.31,0.31,0
ICICIBANK,2.86,-16.8,2.04,57.22,0.28,1
SBIN,-3.87,-9.75,2.72,29.15,-1.0,0
LT,-0.27,0.34,0.53,68.38,-3.03,0
ITC,0.75,6.94,2.35,41.25,-0.03,1
AXISBANK,-3.3,8.65,0.59,45.1,-1.39,0
BHARTIARTL,2.33,22.86,1.68,29.52,0.95,1
RELIANCE,-4.46,8.01,0.94,64.6,-0.13,0
TCS,0.17,23.32,3.21,68.33,1.35,1
INFY,3.15,13.38,1.34,56.23,1.43,1
HDFCBANK,-2.29,8.18,2.83,29.6,-0.74,0
ICICIBANK,-2.78,-17.55,0.82,36.73,-1.08,0
SBIN,1.87,-18.9,1.81,67.93,-1.82,1
LT,3.86,23.89,2.24,77.4,2.96,1
ITC,-0.57,5.91,2.39,39.28,1.58,1
AXISBANK,-0.52,13.16,2.57,68.37,2.81,1
BHARTIARTL,0.29,-9.7,2.16,41.37,-2.21,1
RELIANCE,-4.11,22.36,1.06,51.38,2.83,1
TCS,2.52,-10.85,2.61,26.27,-1.45,1
INFY,2.56,-13.53,3.21,63.02,-2.77,1
HDFCBANK,-1.43,-17.49,1.48,27.62,0.31,0
ICICIBANK,-1.69,-12.04,0.62,26.17,0.23,0
SBIN,0.48,24.18,1.5,56.03,-0.91,1
LT,2.79,9.29,2.24,36.18,-1.84,1
ITC,3.45,-16.16,2.53,33.21,1.55,1
AXISBANK,0.75,-4.54,3.47,64.08,-2.02,1
BHARTIARTL,0.31,24.15,1.86,61.17,-1.92,1
RELIANCE,-1.55,-18.34,3.37,64.99,0.19,0
TCS,3.81,19.82,0.65,76.32,-2.33,0
INFY,3.13,14.66,2.84,72.3,-0.86,0
HDFCBANK,-4.02,24.67,1.12,41.57,1.77,1
ICICIBANK,-0.79,3.44,3.13,65.98,-0.16,0
SBIN,-1.52,4.6,2.69,75.2,0.75,0
LT,-2.88,1.76,3.33,71.56,0.27,0
ITC,-1.64,1.2,2.01,25.81,0.68,0
AXISBANK,2.77,7.47,0.92,69.92,1.35,1
BHARTIARTL,0.69,13.65,1.53,77.52,-1.57,0
RELIANCE,-3.98,-13.89,1.05,77.75,-1.19,0
TCS,-4.25,-5.8,0.53,63.58,2.69,1
INFY,-2.64,17.1,2.21,45.92,-1.42,0
HDFCBANK,3.08,-17.02,1.79,72.56,0.16,0
ICICIBANK,1.87,7.64,2.89,72.83,1.32,1
SBIN,-3.63,-1.97,0.59,63.6,-3.03,0
LT,0.92,-5.17,2.89,46.98,0.63,1
ITC,1.82,20.62,3.02,41.8,-1.51,1
AXISBANK,0.42,-3.31,0.64,63.95,-2.78,1
BHARTIARTL,2.79,-3.9,1.4,60.46,-2.71,1
RELIANCE,1.24,7.58,1.07,52.01,-3.02,1
TCS,-2.13,-14.23,0.75,63.68,-2.17,0
INFY,-2.33,19.65,1.51,71.23,1.64,1
HDFCBANK,1.47,8.11,1.18,28.87,1.05,1
ICICIBANK,0.55,-16.21,2.1,38.72,2.45,1
SBIN,-0.16,18.35,1.11,75.21,-0.45,0
LT,-0.17,2.83,3.07,63.93,3.19,1
ITC,3.0,-11.31,1.76,60.89,-1.25,1
AXISBANK,-2.28,1.31,2.46,34.54,0.14,0
BHARTIARTL,-1.93,11.2,0.64,37.49,2.03,1
RELIANCE,-3.77,-5.17,0.96,31.73,-3.2,0
TCS,1.09,3.43,2.2,54.0,0.65,1
INFY,-0.41,-7.34,3.01,35.16,1.7,1
HDFCBANK,2.56,-0.63,0.7,32.06,1.37,1
ICICIBANK,0.84,11.98,3.04,38.05,2.6,1
SBIN,-4.38,-18.38,1.82,57.02,2.94,1
LT,1.37,18.71,2.38,36.79,2.31,1
ITC,0.36,-5.54,2.09,44.69,0.07,1
AXISBANK,-4.09,-9.77,0.8,74.89,3.09,1
BHARTIARTL,0.81,5.77,0.82,31.36,0.78,1
RELIANCE,3.53,-2.48,3.2,50.03,1.09,1
TCS,4.01,7.77,3.07,34.19,-1.14,1
INFY,-0.88,-17.46,3.06,39.0,-0.48,0
HDFCBANK,2.74,8.51,2.06,75.43,-1.41,0
ICICIBANK,-1.38,7.94,1.22,39.54,-0.85,0
SBIN,-2.65,11.87,0.94,55.97,1.18,1
LT,1.09,-7.2,0.67,70.59,0.92,0
ITC,-2.81,7.26,3.13,31.15,-1.06,0
AXISBANK,3.5,-9.65,2.98,32.55,-1.92,1
BHARTIARTL,2.82,-3.11,2.73,49.92,-1.57,1
RELIANCE,-2.82,-3.81,0.88,60.31,3.16,1
TCS,3.37,8.0,2.34,29.18,2.95,1
INFY,3.97,-8.74,2.04,47.56,0.17,1
HDFCBANK,0.29,6.72,1.33,74.57,2.37,1
ICICIBANK,-2.51,12.2,1.3,46.53,-0.13,0
SBIN,1.79,12.03,1.46,47.0,0.89,1
LT,4.22,-13.77,0.84,72.58,1.56,1
ITC,-2.57,-12.64,2.94,65.48,-3.12,0
AXISBANK,2.05,4.76,1.61,64.12,-1.46,1
BHARTIARTL,-0.57,10.42,1.17,62.81,-0.95,0
RELIANCE,-0.75,14.77,3.0,37.02,0.87,0
TCS,3.66,6.98,2.73,67.34,-1.89,1
INFY,2.04,10.07,3.11,52.43,3.01,1
HDFCBANK,-0.45,16.48,0.78,30.67,-2.85,0
ICICIBANK,-2.18,3.3,2.18,41.02,1.02,1
SBIN,-2.12,18.98,1.92,74.93,-2.87,0
LT,-1.35,0.73,0.61,59.32,-1.54,0
ITC,-0.28,2.2,1.94,60.87,1.32,1
AXISBANK,-1.2,0.84,1.14,45.15,0.61,0
BHARTIARTL,0.6,-19.13,1.79,56.97,-0.27,1
RELIANCE,-3.64,-8.78,3.32,46.69,1.86,1
TCS,-4.48,14.61,1.53,51.39,2.17,1
INFY,4.35,4.6,0.83,75.08,2.78,1
HDFCBANK,1.05,7.32,0.56,42.57,0.82,1
ICICIBANK,0.1,2.78,1.86,58.7,2.45,1
SBIN,2.46,8.33,2.28,36.75,3.08,1
LT,-0.45,16.92,3.39,27.58,-3.18,0
ITC,3.92,-16.35,2.53,52.15,-2.06,1
AXISBANK,-1.61,-4.28,1.38,39.15,-2.59,0
BHARTIARTL,-2.58,12.31,2.78,54.07,-3.03,0
RELIANCE,2.96,-0.55,1.12,51.11,-1.19,1
TCS,-1.06,5.03,1.0,76.1,1.06,1
INFY,-1.25,9.89,1.18,39.08,2.26,1
HDFCBANK,0.49,20.18,0.65,75.83,-1.19,0
ICICIBANK,-0.02,22.94,0.8,31.08,1.38,1
SBIN,2.86,9.41,2.72,30.41,2.19,1
LT,2.83,-15.11,2.75,51.89,-0.69,1
ITC,2.31,3.92,0.53,32.19,-0.34,1
AXISBANK,2.5,-4.87,1.18,74.59,-1.9,0
BHARTIARTL,0.18,15.59,0.5,38.06,0.31,1
RELIANCE,0.75,14.57,2.05,72.94,0.98,0
TCS,-3.86,-4.42,1.88,36.38,-0.37,0
INFY,-0.82,1.73,1.92,59.91,-1.06,0
HDFCBANK,-2.14,7.46,1.21,41.25,-1.14,0
ICICIBANK,-2.33,-14.09,2.98,64.24,0.4,0
SBIN,4.14,-0.07,1.71,66.66,0.2,1
LT,1.59,-10.78,2.99,50.48,1.61,1
ITC,1.53,2.32,1.5,42.43,-0.53,1
AXISBANK,4.46,-18.4,2.39,71.25,-2.15,0
BHARTIARTL,3.31,-3.04,2.54,60.65,-1.05,1
RELIANCE,-0.32,-2.0,3.12,41.03,1.88,1
TCS,-2.08,-4.39,1.28,37.98,-0.13,0
INFY,-3.25,19.85,3.33,36.87,-0.03,0
HDFCBANK,-3.5,0.61,1.69,73.86,-0.22,0
ICICIBANK,1.19,4.52,3.25,37.89,-0.57,1
SBIN,-4.37,0.36,0.77,61.52,2.88,1
LT,-2.93,4.55,2.43,70.99,0.63,0
ITC,0.6,16.26,1.22,55.05,2.51,1
AXISBANK,0.14,11.89,0.8,72.54,2.55,1
BHARTIARTL,3.39,15.9,0.88,28.44,-0.07,1
RELIANCE,-2.56,-16.61,1.61,68.89,-0.87,0
TCS,-1.39,-16.59,1.25,41.84,2.93,1
INFY,0.85,15.64,3.45,75.83,2.9,1
HDFCBANK,0.91,15.58,2.48,55.64,2.08,1
ICICIBANK,2.42,10.87,1.42,43.63,-0.53,1
SBIN,-1.59,-7.94,3.46,76.47,2.1,1
LT,0.31,1.32,3.39,57.26,2.43,1
ITC,4.48,8.79,2.94,54.34,2.78,1
AXISBANK,3.68,7.13,3.35,41.33,-0.29,1
BHARTIARTL,-2.92,17.7,1.07,46.87,-0.68,0
RELIANCE,1.79,8.0,2.77,60.92,0.5,1
TCS,-0.43,17.99,1.49,42.43,0.15,0
INFY,-3.86,-19.53,2.12,68.95,-1.16,0
HDFCBANK,-3.55,-13.99,1.92,65.45,1.44,1
ICICIBANK,-2.01,2.69,2.43,55.49,1.01,1
SBIN,-2.4,-2.84,3.3,41.65,2.14,1
LT,1.62,-18.26,1.09,40.67,-2.24,1
ITC,-0.96,-5.11,3.14,27.67,-2.26,0
AXISBANK,-3.98,-17.76,2.68,37.84,2.14,1
BHARTIARTL,1.36,-18.53,2.94,65.09,-0.46,1
RELIANCE,0.4,23.04,2.16,37.63,0.29,1
TCS,-1.37,19.11,2.09,65.2,0.25,0
INFY,-0.66,13.86,1.23,71.0,1.99,1
HDFCBANK,-4.35,-19.5,3.26,75.75,-0.02,0
ICICIBANK,-0.49,-8.75,2.74,48.73,1.24,1
SBIN,-3.3,1.48,1.36,39.74,-0.7,0
LT,-1.8,17.26,0.92,61.35,2.65,1
ITC,-4.24,13.4,2.62,61.23,2.63,1
AXISBANK,-1.06,17.19,3.12,38.63,1.18,1
BHARTIARTL,-3.14,-19.57,1.21,57.01,-0.76,0
RELIANCE,0.83,0.29,3.45,42.97,0.37,1
TCS,-0.21,-7.62,2.1,66.5,-1.72,0
INFY,3.66,-1.7,2.38,41.28,-0.9,1
HDFCBANK,3.55,17.76,3.33,45.48,-1.07,1
ICICIBANK,-3.25,-15.02,0.9,63.65,-2.79,0
SBIN,1.15,19.96,1.02,27.14,2.0,1
LT,2.14,-14.86,2.35,48.28,-0.87,1
ITC,-3.82,-19.39,1.09,73.43,2.55,1
AXISBANK,0.26,-16.62,1.12,25.48,-0.45,1
BHARTIARTL,1.87,24.36,1.59,75.03,-1.3,0
RELIANCE,-1.25,12.73,1.28,27.64,1.56,1
TCS,-3.13,6.36,0.74,36.27,1.7,1
INFY,-2.25,12.26,0.78,54.32,1.76,1
HDFCBANK,3.2,18.06,2.04,61.91,-2.15,1
ICICIBANK,3.57,9.42,1.19,62.01,-0.33,1
SBIN,3.09,6.45,1.05,38.84,2.49,1
LT,3.29,-1.35,2.63,52.9,2.08,1
ITC,0.06,-18.42,2.25,75.09,0.42,0
AXISBANK,-3.17,12.62,2.81,45.2,-1.71,0
BHARTIARTL,-4.11,-1.37,3.42,45.93,1.7,1
RELIANCE,-3.08,10.29,1.94,44.73,-1.09,0
TCS,-2.77,-12.06,3.36,46.07,-1.91,0
INFY,2.6,-9.7,1.59,58.09,0.97,1
HDFCBANK,-3.02,3.4,2.88,53.82,2.05,1
ICICIBANK,0.56,8.68,1.14,27.22,0.99,1
SBIN,-4.16,-2.41,1.62,41.29,-1.04,0
LT,-3.6,-5.13,2.19,42.49,1.64,1
ITC,-2.71,8.49,0.53,60.62,2.62,1
AXISBANK,4.0,9.0,2.55,42.24,0.16,1
BHARTIARTL,1.4,13.15,0.9,38.67,-0.24,1
RELIANCE,-0.29,-5.24,2.15,39.61,2.96,1
TCS,1.34,10.85,3.34,73.07,2.35,1
INFY,4.38,-3.73,2.1,44.99,2.04,1
HDFCBANK,-3.75,8.36,3.16,31.99,-2.01,0
ICICIBANK,-3.65,-2.56,1.44,76.51,-2.28,0
SBIN,1.47,-19.15,1.62,36.99,0.92,1
LT,0.17,-9.55,2.4,59.43,0.72,1
ITC,3.15,7.52,3.46,59.51,1.3,1
AXISBANK,-2.14,16.56,3.41,75.75,0.71,0
BHARTIARTL,-1.78,19.87,2.43,28.29,1.82,1
RELIANCE,0.36,-6.39,3.35,68.54,-1.49,1
TCS,1.18,13.74,1.37,68.36,0.86,1
INFY,-1.95,-3.51,2.9,55.7,-0.3,0
HDFCBANK,0.27,-12.47,1.42,31.38,2.66,1
ICICIBANK,-4.02,19.14,1.13,74.06,-0.77,0
SBIN,-0.67,19.52,2.93,71.03,-0.05,0
LT,-1.99,19.26,2.4,65.05,0.15,0
ITC,2.99,-5.44,1.27,62.59,-0.36,1
AXISBANK,3.99,-9.02,1.96,63.2,0.91,1
BHARTIARTL,-0.75,2.46,1.75,67.16,3.08,1
RELIANCE,-2.99,-7.08,1.26,62.05,2.25,1
TCS,-3.59,8.83,2.55,60.77,-2.5,0
INFY,-0.89,-18.91,2.0,62.18,-1.09,0
HDFCBANK,-1.95,-17.72,3.12,38.34,2.61,1
ICICIBANK,4.46,-1.95,1.13,65.56,-3.12,1
SBIN,3.63,-5.38,2.21,27.96,2.62,1
LT,4.26,-8.1,2.86,72.03,2.89,1
ITC,-3.73,4.05,0.6,58.98,-1.64,0
AXISBANK,-1.04,-1.76,3.03,47.03,1.55,1
BHARTIARTL,-3.91,-16.69,1.97,48.79,-2.92,0
RELIANCE,-1.23,11.96,0.68,32.08,0.8,0
TCS,-2.84,-6.89,0.5,59.95,-2.19,0
INFY,0.15,20.95,2.14,61.86,-2.22,1
HDFCBANK,0.22,-5.45,2.0,45.0,1.72,1
ICICIBANK,4.47,-18.59,2.76,56.98,-1.95,1
SBIN,-0.9,20.45,1.71,48.98,-1.32,0
LT,-0.92,23.06,3.49,48.68,-1.26,0
ITC,2.67,13.45,1.07,27.35,3.17,1
AXISBANK,-4.23,6.0,1.3,34.44,2.38,1
BHARTIARTL,3.87,-4.29,3.27,75.63,-2.18,0
RELIANCE,-3.67,7.2,1.21,54.98,1.57,1
TCS,-2.53,-13.74,1.94,66.29,1.78,1
INFY,-2.71,4.72,2.26,51.42,0.36,0
HDFCBANK,-3.81,14.74,2.12,70.66,1.31,1
ICICIBANK,3.53,8.68,1.19,53.9,1.75,1
SBIN,4.18,19.19,1.51,39.46,1.87,1
LT,-3.32,-13.75,2.57,66.16,1.16,1
ITC,0.32,-9.83,0.7,39.46,2.9,1
AXISBANK,4.08,6.5,2.13,28.12,0.05,1
BHARTIARTL,1.68,-12.95,2.35,67.93,1.32,1
RELIANCE,0.39,4.1,1.45,46.58,-2.55,1
TCS,1.07,13.09,1.39,59.12,1.3,1
INFY,1.14,-0.73,0.78,50.37,-2.45,1
HDFCBANK,-0.85,-19.19,1.21,74.98,0.44,0
ICICIBANK,-3.88,-1.26,1.27,30.84,0.09,0
SBIN,0.17,15.18,1.8,76.51,1.64,1
LT,1.02,20.69,3.08,67.6,-0.31,1
ITC,-3.6,11.54,1.31,27.9,-1.24,0
AXISBANK,3.47,21.1,3.05,50.73,-0.5,1
BHARTIARTL,3.27,6.44,2.3,61.74,-1.54,1
RELIANCE,4.32,-9.45,0.77,34.41,0.33,1
TCS,-2.19,12.24,3.12,34.57,1.75,1
INFY,-2.79,15.0,3.23,40.22,1.16,1
HDFCBANK,-0.07,8.34,1.81,63.21,-1.19,0
ICICIBANK,2.99,13.94,2.89,32.02,0.39,1
SBIN,-0.21,1.13,2.12,76.81,-0.24,0
LT,-0.65,17.26,2.53,48.43,-0.87,0
ITC,0.41,-9.51,1.81,54.17,0.81,1
AXISBANK,-3.56,4.05,3.04,62.01,0.24,0
BHARTIARTL,-4.15,-19.15,3.31,76.53,-0.53,0
RELIANCE,1.23,24.12,0.7,73.74,-0.25,0
TCS,-3.32,15.84,2.27,57.57,0.93,0
INFY,-1.03,0.13,2.32,29.12,-2.85,0
HDFCBANK,-0.32,-4.07,1.41,69.02,0.67,0
ICICIBANK,3.27,10.23,2.71,65.81,-0.56,1
SBIN,-1.33,-8.95,1.34,47.83,1.96,1
LT,-4.47,-9.92,0.53,62.25,-1.95,0
ITC,1.66,23.09,2.52,34.67,-0.34,1
AXISBANK,1.58,1.06,3.33,34.38,-3.0,1
BHARTIARTL,1.97,3.76,1.41,55.73,-3.01,1
RELIANCE,-2.79,-10.06,0.92,25.39,1.24,1
TCS,1.54,-10.56,2.5,43.32,1.74,1
INFY,0.92,-1.29,3.05,56.31,-2.91,1
HDFCBANK,-3.62,-10.89,1.45,44.5,-2.17,0
ICICIBANK,2.44,9.61,1.39,66.58,-2.09,1
SBIN,-4.2,-9.96,1.84,57.22,-2.41,0
LT,3.92,-10.91,2.71,72.54,3.16,1
ITC,2.71,5.11,0.81,40.21,0.44,1
AXISBANK,1.08,-6.2,0.51,47.58,-2.15,1
BHARTIARTL,3.48,-17.77,1.88,40.5,0.3,1
RELIANCE,-3.93,13.57,0.77,66.81,1.92,1
TCS,2.07,-10.57,0.83,27.77,-2.39,1
INFY,1.13,0.9,2.13,52.36,-1.32,1
HDFCBANK,-1.93,-10.15,3.07,40.02,-1.12,0
ICICIBANK,-0.36,-12.96,0.91,53.18,-1.09,0
SBIN,3.95,-11.83,1.06,48.78,-1.11,1
LT,-2.49,3.7,0.53,54.97,-2.51,0
ITC,-3.75,1.36,2.77,56.18,-1.47,0
AXISBANK,-4.24,5.62,1.45,59.17,3.19,1
BHARTIARTL,-3.56,14.92,0.79,70.01,-1.94,0
RELIANCE,1.53,23.08,1.17,53.8,-2.39,1
TCS,-3.56,8.09,2.49,49.84,0.12,0
INFY,0.42,0.53,2.59,71.34,-3.1,0
HDFCBANK,-0.56,9.87,0.92,65.21,-2.27,0
ICICIBANK,-2.99,-17.56,1.97,63.47,2.25,1
SBIN,-0.37,0.35,1.71,66.11,-2.69,0
LT,1.24,10.04,2.96,29.42,0.17,1
ITC,0.75,-14.14,0.57,36.59,1.74,1
AXISBANK,-3.21,10.37,1.28,55.85,1.74,1
BHARTIARTL,-2.88,18.83,0.77,76.19,2.02,1
RELIANCE,-1.53,24.56,1.98,35.99,2.23,1
TCS,0.78,-14.79,2.61,31.07,1.31,1
INFY,-0.4,23.5,1.7,65.44,2.88,1
HDFCBANK,-0.45,14.7,1.52,26.75,-3.17,0
ICICIBANK,-1.99,21.49,1.42,38.75,-0.97,0
SBIN,1.61,-0.59,2.86,58.66,-1.44,1
LT,4.04,-7.28,1.54,51.46,1.5,1
ITC,-0.74,-6.09,1.9,62.13,1.07,1
AXISBANK,-0.66,7.15,1.16,48.96,0.94,0
BHARTIARTL,3.82,11.4,1.86,39.21,0.17,1
RELIANCE,-1.97,1.72,2.16,32.93,0.55,0
TCS,4.31,-10.5,1.15,69.69,-1.65,1
INFY,-1.86,17.58,1.56,47.73,2.45,1
HDFCBANK,-1.69,-2.27,2.13,74.45,1.22,1
ICICIBANK,3.0,0.57,2.97,67.96,-2.97,1
SBIN,-2.74,-2.43,1.09,58.54,-0.69,0
LT,-1.3,19.72,1.9,36.13,-1.27,0
ITC,1.0,3.88,0.72,50.67,0.92,1
AXISBANK,4.0,-11.17,1.11,77.98,2.84,1
BHARTIARTL,-0.88,-6.31,1.24,56.46,-1.37,0
RELIANCE,0.12,-18.24,2.89,55.9,2.44,1
TCS,1.27,8.07,3.17,55.69,-2.81,1
INFY,-1.45,-0.69,2.81,39.37,-1.87,0
HDFCBANK,-3.13,21.42,2.9,33.89,-1.33,0
ICICIBANK,2.58,11.93,0.76,72.94,-0.35,0
SBIN,4.06,3.82,1.27,75.56,-0.65,0
LT,-1.76,-10.09,2.2,36.05,1.21,1
ITC,4.16,16.56,1.12,75.23,-1.95,0
AXISBANK,-1.64,-7.13,0.75,51.22,-1.63,0
BHARTIARTL,-1.26,4.63,3.17,58.75,1.32,1
RELIANCE,-1.94,4.81,0.75,57.11,-1.09,0
TCS,0.8,23.57,2.87,35.1,-1.43,1
INFY,-4.33,3.03,2.03,51.61,3.08,1
HDFCBANK,2.57,-17.31,2.33,34.7,1.22,1
ICICIBANK,-0.01,22.71,0.8,43.44,-1.11,0
SBIN,2.86,-6.32,2.55,77.59,-3.06,0
LT,3.28,-0.7,2.61,50.99,-2.65,1
ITC,4.39,20.13,1.43,62.03,0.5,1
AXISBANK,-1.63,-5.99,2.0,28.83,2.65,1
BHARTIARTL,-2.81,9.35,1.31,49.47,-3.1,0
RELIANCE,0.73,15.66,3.49,39.65,3.17,1
TCS,2.12,24.33,2.91,59.48,-0.49,1
INFY,-2.7,19.39,2.57,76.09,-0.12,0
HDFCBANK,-3.36,13.0,1.68,73.71,0.2,0
ICICIBANK,3.29,-18.59,1.28,32.14,1.0,1
SBIN,-1.28,-9.59,1.42,70.13,2.83,1
LT,-2.95,1.77,3.07,25.12,-2.07,0
ITC,-0.44,16.79,2.27,28.9,-1.87,0
AXISBANK,-4.4,12.59,2.0,72.9,-0.76,0
BHARTIARTL,-0.03,-13.62,2.56,65.02,-2.75,0
RELIANCE,-2.1,-17.66,1.49,61.62,2.27,1
TCS,-0.47,-11.8,0.55,45.75,-2.16,0
INFY,1.5,24.69,2.01,70.91,-0.58,0
HDFCBANK,-3.06,-2.43,2.74,40.48,-2.27,0
ICICIBANK,-3.8,22.47,1.66,60.24,-2.48,0
SBIN,2.6,15.02,1.57,33.79,0.1,1
LT,4.44,19.79,0.75,62.85,-2.74,1
ITC,-0.07,0.05,0.54,64.52,2.73,1
AXISBANK,-1.16,-19.52,2.87,73.72,-2.03,0
BHARTIARTL,3.12,0.38,3.32,41.66,-0.82,1
RELIANCE,-3.65,8.35,1.58,34.97,2.91,1
TCS,-1.37,18.41,1.73,47.13,-2.0,0
INFY,-3.45,3.58,1.21,35.52,-1.98,0
HDFCBANK,1.15,-14.11,3.03,69.39,-1.5,1
ICICIBANK,3.01,10.37,1.65,31.21,-2.01,1
SBIN,-1.26,-2.51,3.15,50.11,-0.94,0
LT,3.98,14.8,0.71,48.12,-1.79,1
ITC,-2.8,14.89,1.87,43.77,0.01,0
AXISBANK,4.02,-3.27,1.66,60.25,2.33,1
BHARTIARTL,-3.2,-7.89,3.33,66.26,2.95,1
RELIANCE,-1.31,7.77,2.39,64.1,2.73,1
TCS,-1.19,-7.93,2.86,35.41,0.94,0
INFY,-0.81,-8.76,3.16,28.93,0.69,0
HDFCBANK,-1.13,-16.11,1.84,27.71,-2.75,0
ICICIBANK,1.72,-5.72,2.98,42.3,0.87,1
SBIN,-4.34,1.91,2.18,37.67,0.67,0
LT,2.26,1.96,1.69,60.45,2.42,1
ITC,3.48,7.44,0.79,45.18,2.73,1
AXISBANK,-0.97,10.4,3.06,39.56,-2.73,0
BHARTIARTL,3.91,-3.13,1.45,77.27,-2.8,0
RELIANCE,3.04,-12.6,3.49,34.08,1.56,1
TCS,0.41,-9.91,1.18,49.26,1.2,1
INFY,-0.78,-14.96,1.86,34.41,2.26,1
HDFCBANK,1.4,20.32,0.51,40.59,0.37,1
ICICIBANK,1.22,-13.08,3.43,39.21,1.68,1
SBIN,2.25,18.63,2.77,59.31,0.38,1
LT,1.43,24.72,2.05,65.26,-2.23,1
ITC,-3.31,-4.52,0.8,54.13,2.41,1
AXISBANK,-3.28,1.3,2.12,27.66,2.99,1
BHARTIARTL,2.65,-19.25,3.32,63.95,-0.55,1
RELIANCE,1.32,17.1,2.7,34.52,-0.48,1
TCS,-4.04,-4.69,3.05,50.78,-2.24,0
INFY,-3.13,-5.83,0.63,66.83,1.06,1
HDFCBANK,0.63,21.02,3.4,56.24,-2.03,1
ICICIBANK,4.49,3.31,3.28,34.4,-0.55,1
SBIN,0.47,-8.18,1.04,67.64,2.83,1
LT,-0.91,7.6,2.66,72.43,2.35,1
ITC,-3.72,9.03,0.81,27.71,1.44,1
AXISBANK,2.69,-12.98,1.51,29.57,0.79,1
BHARTIARTL,-2.35,-1.64,0.63,67.94,-0.12,0
RELIANCE,-1.1,8.25,2.52,33.41,1.33,1
TCS,-4.22,4.84,1.04,76.32,-0.77,0
INFY,2.69,16.14,3.2,52.28,0.92,1
HDFCBANK,2.8,-11.62,1.75,34.86,-1.76,1
ICICIBANK,-1.72,22.03,2.87,37.6,-2.17,0
SBIN,2.11,-13.26,1.84,63.7,0.62,1
LT,-1.65,4.15,2.06,39.7,3.14,1
ITC,-0.01,-9.24,2.32,69.78,0.88,0
AXISBANK,3.57,21.06,2.06,68.45,-1.31,1
BHARTIARTL,3.71,1.43,3.41,48.38,-0.26,1
RELIANCE,4.36,-2.97,2.62,41.63,-1.98,1
TCS,-2.92,-1.26,1.54,36.25,-0.96,0
INFY,2.43,12.49,1.94,51.41,1.35,1
HDFCBANK,-4.47,-7.78,1.86,75.01,-0.81,0
ICICIBANK,3.18,10.62,2.48,55.73,-1.59,1
SBIN,-0.12,3.8,2.75,31.0,0.2,0
LT,4.38,9.85,0.55,26.56,0.8,1
ITC,0.24,24.78,3.14,25.94,-1.55,1
AXISBANK,0.5,20.8,0.85,69.96,1.71,1
BHARTIARTL,1.95,12.59,1.28,25.86,1.54,1
RELIANCE,0.16,17.9,2.42,35.67,-0.87,1
TCS,0.69,6.38,0.52,61.03,2.92,1
INFY,-2.2,8.3,2.06,42.77,-1.18,0
HDFCBANK,-0.58,23.16,2.48,66.69,-2.56,0
ICICIBANK,0.97,21.04,0.58,27.09,-2.48,1
SBIN,3.51,-2.33,2.85,55.59,-2.27,1
LT,2.0,-17.11,1.4,69.08,1.13,1
ITC,-1.24,-4.57,1.16,55.9,-2.19,0
AXISBANK,-4.06,17.14,0.72,58.03,-2.91,0
BHARTIARTL,-1.71,10.07,2.8,77.82,-1.85,0
RELIANCE,2.0,4.55,1.81,50.03,1.63,1
TCS,-0.91,-2.01,2.92,66.59,2.81,1
INFY,-2.43,12.3,2.58,31.25,-2.74,0
HDFCBANK,-4.49,-9.12,1.1,43.14,0.56,0
ICICIBANK,1.08,-1.25,2.64,49.6,0.97,1
SBIN,-3.53,24.73,2.26,40.76,0.43,0
LT,-0.62,-18.4,3.47,75.43,-0.44,0
ITC,0.32,-15.34,2.07,64.18,2.86,1
AXISBANK,2.53,13.88,2.39,28.06,-0.9,1
BHARTIARTL,-2.99,-16.65,3.19,57.61,-2.6,0
RELIANCE,1.76,-15.43,1.12,30.04,0.36,1
TCS,3.0,9.87,2.31,27.24,1.15,1
INFY,3.17,20.87,3.44,47.41,-1.39,1
HDFCBANK,1.57,8.45,1.73,43.52,2.93,1
ICICIBANK,-0.09,7.28,2.85,60.07,-1.57,0
SBIN,0.27,-2.04,2.43,25.83,0.31,1
LT,-0.33,23.76,2.53,39.89,0.68,0
ITC,-3.74,4.19,0.68,69.98,-1.82,0
AXISBANK,-4.46,19.42,2.5,43.3,-3.11,0
BHARTIARTL,-0.55,-1.1,1.51,68.98,-2.51,0
RELIANCE,4.22,21.55,2.31,41.42,3.02,1
TCS,4.4,-4.85,1.98,57.11,1.35,1
INFY,1.61,8.26,2.17,74.03,-1.75,0
HDFCBANK,-3.97,-1.65,1.95,36.69,0.93,0
ICICIBANK,-0.6,-16.37,1.15,47.91,1.65,1
SBIN,1.49,9.87,1.52,25.34,0.75,1
LT,3.02,2.69,1.97,76.37,-1.0,0
ITC,0.31,2.22,2.59,37.95,2.15,1
AXISBANK,0.55,-10.23,1.05,32.29,0.15,1
BHARTIARTL,-2.2,-1.42,2.53,75.3,-2.58,0
RELIANCE,-1.92,-4.48,1.17,66.56,2.2,1
TCS,-1.81,1.02,2.83,45.77,0.01,0
INFY,-0.3,16.86,3.05,59.48,1.14,1
HDFCBANK,-3.13,-9.24,1.1,76.95,2.22,1
ICICIBANK,-4.2,24.97,3.13,25.15,0.33,0
SBIN,3.73,-17.4,2.6,48.55,3.11,1
LT,4.46,14.94,2.41,72.0,-3.08,0
ITC,3.19,2.83,2.22,32.0,-2.58,1
AXISBANK,-4.05,-18.56,0.68,65.82,0.3,0
BHARTIARTL,-3.66,-3.36,2.19,48.45,-1.24,0
RELIANCE,3.98,23.87,1.24,58.25,-2.19,1
TCS,-2.57,9.16,2.93,25.76,2.14,1
INFY,3.81,22.72,2.24,72.78,0.32,0
HDFCBANK,1.17,-8.31,1.88,52.76,-0.5,1
ICICIBANK,-1.52,20.32,0.98,55.2,-2.1,0
SBIN,2.23,24.94,1.75,46.08,-1.32,1
LT,4.02,-2.77,2.06,45.06,-2.28,1
ITC,-1.11,-6.06,3.2,68.97,-3.0,0
AXISBANK,0.56,2.72,1.47,25.04,2.09,1
BHARTIARTL,1.72,13.14,1.19,76.9,2.57,1
RELIANCE,-0.81,5.65,1.24,48.95,2.13,1
TCS,4.04,18.98,1.46,35.49,0.13,1
INFY,4.43,-1.72,2.81,46.62,-0.41,1
HDFCBANK,-1.23,-3.79,3.03,33.6,-1.1,0
ICICIBANK,3.21,6.76,2.2,71.6,-3.15,0
SBIN,-4.3,-5.38,0.56,48.33,-2.41,0
LT,1.5,12.41,2.21,65.25,1.79,1
ITC,-0.04,22.75,2.54,39.04,0.99,0
AXISBANK,1.31,13.25,0.67,71.25,1.18,1
BHARTIARTL,-2.4,9.43,2.01,65.91,-0.88,0
RELIANCE,-1.6,-10.39,3.24,50.72,-2.49,0
TCS,0.7,-8.59,2.14,77.85,1.19,1
INFY,1.14,8.3,2.11,30.37,-0.61,1
HDFCBANK,4.33,5.9,0.51,76.44,-1.04,0
ICICIBANK,3.98,15.51,0.85,48.62,-1.61,1
SBIN,-0.94,21.45,2.35,70.35,-1.82,0
LT,-1.37,-14.52,1.23,64.19,-1.74,0
ITC,-0.76,2.08,1.38,39.08,1.61,1
AXISBANK,-4.17,-10.34,1.11,40.9,2.29,1
BHARTIARTL,0.93,4.71,2.73,38.41,-0.83,1
RELIANCE,2.74,20.06,1.13,42.46,-3.11,1
TCS,-3.37,10.15,3.31,60.73,2.61,1
INFY,-2.49,-3.92,2.93,61.99,-3.07,0
HDFCBANK,3.59,9.58,1.03,57.61,-2.71,1
ICICIBANK,1.67,-18.7,0.67,45.46,-1.84,1
SBIN,0.86,-16.36,1.68,46.36,-0.59,1
LT,-0.79,17.36,2.18,68.04,-0.8,0
ITC,0.7,17.7,1.82,31.1,-1.69,1
AXISBANK,-1.99,-2.71,0.94,34.73,3.19,1
BHARTIARTL,1.62,-0.91,2.14,47.79,-2.01,1
RELIANCE,2.08,-15.13,3.08,27.91,-1.97,1
TCS,-4.45,24.08,2.03,27.51,-1.15,0
INFY,2.54,16.68,2.56,64.85,-1.91,1
HDFCBANK,-3.81,24.9,1.11,36.15,-0.95,0
ICICIBANK,1.34,-4.61,2.87,70.82,2.92,1
SBIN,-1.58,7.57,2.74,26.61,0.21,0
LT,4.32,7.14,3.24,59.26,-2.8,1
ITC,-3.81,-0.17,2.28,63.71,0.99,0
AXISBANK,-4.46,21.06,1.31,45.35,2.97,1
BHARTIARTL,-4.35,-4.96,1.74,66.01,-1.61,0
RELIANCE,-3.89,17.89,0.5,73.07,1.1,1
TCS,3.41,24.46,2.21,52.57,-0.4,1
INFY,-0.42,16.29,2.45,54.34,-0.3,0
HDFCBANK,3.13,15.1,1.84,28.18,-1.27,1
ICICIBANK,0.35,-15.97,3.03,39.87,2.16,1
SBIN,3.55,12.07,0.51,41.32,-1.14,1
LT,-2.84,-9.06,1.9,70.6,2.67,1
ITC,-2.0,1.89,3.46,58.84,1.01,1
AXISBANK,0.72,-5.92,0.54,61.39,-1.32,1
BHARTIARTL,2.69,-19.23,2.28,31.5,-1.21,1
RELIANCE,3.95,13.06,1.88,25.31,2.2,1
TCS,1.08,-10.33,2.31,64.42,-1.96,1
INFY,0.67,9.76,2.41,55.39,-1.41,1
HDFCBANK,-3.67,5.44,1.22,77.76,-2.81,0
ICICIBANK,-1.63,5.38,3.0,44.05,-2.95,0
SBIN,2.31,14.57,2.86,75.56,0.08,0
LT,0.68,7.75,2.27,34.18,0.01,1
ITC,-3.79,-11.56,2.95,26.3,1.72,1
AXISBANK,2.67,7.48,2.99,57.64,1.73,1
BHARTIARTL,-1.45,-15.93,0.96,72.13,0.31,0
RELIANCE,-2.63,-2.18,0.62,38.79,-2.89,0
TCS,4.15,14.99,2.43,65.83,2.41,1
INFY,3.55,19.07,1.87,63.81,-0.19,1
HDFCBANK,-2.78,18.47,0.67,28.06,-1.62,0
ICICIBANK,1.49,-1.79,3.02,37.75,-2.29,1
SBIN,-1.87,-12.47,1.44,67.9,2.61,1
LT,4.19,7.33,1.68,62.16,-2.41,1
ITC,0.19,-16.84,3.43,26.92,2.38,1
AXISBANK,2.91,22.41,2.23,36.13,-2.34,1
BHARTIARTL,4.41,-8.28,0.81,26.21,-0.26,1
RELIANCE,3.66,-19.79,1.23,52.07,0.82,1
TCS,-4.23,-1.06,2.76,55.75,2.24,1
INFY,0.2,19.72,2.13,33.47,-1.6,1
HDFCBANK,-4.17,0.93,1.08,65.55,-1.67,0
ICICIBANK,1.82,-4.33,2.54,47.14,-2.51,1
SBIN,1.38,4.85,3.38,31.25,-2.2,1
LT,1.77,-13.07,2.66,36.01,2.6,1
ITC,-1.33,-17.93,2.72,45.12,-1.49,0
AXISBANK,-4.27,-6.64,1.43,69.76,1.63,1
BHARTIARTL,-3.7,5.32,3.07,46.47,1.74,1
RELIANCE,3.64,24.99,3.47,72.43,3.19,1
TCS,3.68,-9.89,3.08,68.86,1.8,1
INFY,-1.56,4.2,2.33,75.37,0.48,0
HDFCBANK,-0.5,-0.11,0.76,63.36,0.95,0
ICICIBANK,2.09,0.61,3.27,56.71,3.04,1
SBIN,1.96,13.61,2.57,28.96,0.52,1
LT,-0.47,-3.24,2.04,47.08,2.65,1
ITC,-1.06,-18.87,3.36,42.77,-1.66,0
AXISBANK,-1.39,14.38,1.29,55.1,-2.41,0
BHARTIARTL,1.09,13.37,1.24,49.31,-2.81,1
RELIANCE,-2.16,24.93,1.74,39.35,-1.6,0
TCS,3.93,-7.79,2.27,31.27,-0.21,1
INFY,1.36,-12.13,3.47,41.51,2.69,1
HDFCBANK,-0.85,7.19,2.47,60.56,0.88,0
ICICIBANK,-2.32,-17.69,1.43,75.71,3.01,1
SBIN,-2.34,19.94,3.01,28.63,2.28,1
LT,-2.49,16.17,3.0,73.43,-1.12,0
ITC,-3.28,17.21,0.58,44.24,-2.34,0
AXISBANK,3.91,-16.83,3.08,60.78,3.03,1
BHARTIARTL,3.59,21.0,2.59,53.89,2.15,1
RELIANCE,-1.14,-10.97,3.17,49.64,1.49,1
TCS,-2.72,-13.5,2.93,28.95,-0.23,0
INFY,4.04,17.4,1.14,49.51,-1.03,1
HDFCBANK,3.01,-5.27,2.95,60.66,1.29,1
ICICIBANK,1.25,3.14,1.83,73.96,2.91,1
SBIN,4.31,18.77,2.64,36.14,-0.84,1
LT,-0.4,20.09,2.91,46.75,-2.11,0
ITC,2.16,-1.21,0.74,54.91,0.64,1
AXISBANK,3.32,-12.21,0.54,59.93,1.08,1
BHARTIARTL,2.68,7.82,2.57,33.99,0.77,1
RELIANCE,-1.63,7.28,2.69,49.88,-0.62,0
TCS,0.89,-1.23,0.88,30.84,-2.09,1
INFY,-2.15,18.88,1.84,71.98,0.84,0
HDFCBANK,4.41,-8.81,3.17,29.52,0.38,1
ICICIBANK,2.63,-16.49,3.03,43.46,2.0,1
SBIN,1.04,20.16,1.24,69.76,2.5,1
LT,-0.99,8.27,0.77,59.36,1.73,1
ITC,3.32,9.41,2.01,34.21,-2.08,1
AXISBANK,-0.15,18.71,2.09,26.93,1.61,1
BHARTIARTL,0.39,23.99,2.92,41.85,0.28,1
RELIANCE,-2.65,23.88,1.33,30.63,-0.62,0
TCS,2.01,24.37,3.33,51.72,1.72,1
INFY,1.92,-13.08,3.36,45.0,1.6,1
HDFCBANK,-2.12,-10.57,3.47,47.6,-0.52,0
ICICIBANK,3.2,16.13,2.47,42.8,2.64,1
SBIN,2.16,-6.23,3.31,70.76,-1.16,0
LT,2.8,8.46,0.53,58.18,0.05,1
ITC,-2.29,-4.83,3.36,30.57,2.44,1
AXISBANK,-2.34,8.83,0.58,39.09,-0.12,0
BHARTIARTL,-4.16,24.66,1.74,70.14,0.86,0
RELIANCE,-1.35,20.22,3.13,72.95,1.52,1
TCS,-2.13,14.45,0.68,68.02,2.7,1
INFY,-0.81,-2.97,3.06,54.59,-3.1,0
HDFCBANK,-3.8,4.93,1.01,26.18,-1.74,0
ICICIBANK,3.59,2.11,2.04,25.58,-0.43,1
SBIN,-3.39,23.11,3.37,70.13,2.17,1
LT,4.21,-1.67,0.67,66.74,0.08,1
ITC,-1.68,6.43,2.6,54.75,2.59,1
AXISBANK,0.04,-19.42,2.21,51.9,1.92,1
BHARTIARTL,3.45,-13.56,1.34,31.13,-0.82,1
RELIANCE,-0.39,-5.78,0.84,63.47,0.64,0
TCS,-1.39,9.17,2.0,45.61,0.45,0
INFY,2.8,-12.28,2.6,34.57,1.24,1
HDFCBANK,-0.15,0.65,1.33,62.53,0.82,0
ICICIBANK,-4.19,-15.18,1.54,55.33,-2.6,0
SBIN,3.79,24.74,0.63,72.69,-3.01,0
LT,-1.09,-18.42,2.64,44.19,0.82,0
ITC,-2.06,15.12,3.19,40.87,-1.67,0
AXISBANK,2.74,4.99,0.91,30.51,-2.0,1
BHARTIARTL,1.27,3.41,1.47,28.62,1.32,1
RELIANCE,4.16,22.64,0.73,56.45,3.12,1
TCS,4.44,19.39,1.8,58.4,2.87,1
INFY,1.84,19.45,2.94,38.95,1.9,1
HDFCBANK,-2.09,6.49,0.73,35.77,-0.13,0
ICICIBANK,1.9,-16.84,3.25,63.47,-2.34,1
SBIN,1.41,17.7,0.67,50.22,1.46,1
LT,4.46,-14.05,1.68,69.02,1.54,1
ITC,-4.47,4.14,1.26,41.4,-0.5,0
AXISBANK,-1.19,-8.88,0.86,41.55,1.25,1
BHARTIARTL,-2.71,-18.91,0.88,50.89,-2.32,0
RELIANCE,0.16,1.79,0.65,54.45,1.11,1
TCS,-4.35,-11.97,1.21,33.45,0.54,0
INFY,-4.33,7.98,2.0,43.43,3.19,1
HDFCBANK,-3.9,4.39,1.71,66.21,0.23,0
ICICIBANK,-0.57,-14.39,2.75,30.52,-2.45,0
SBIN,-4.3,6.94,0.93,60.21,0.31,0
LT,-2.5,10.4,1.18,60.74,-2.11,0
ITC,1.59,2.49,3.12,52.0,-0.8,1
AXISBANK,3.7,13.78,1.07,77.87,0.31,0
BHARTIARTL,1.38,3.86,1.43,68.07,2.78,1
RELIANCE,2.8,17.79,1.42,72.17,-2.52,0
TCS,-1.43,-2.38,3.48,47.18,-1.91,0
INFY,-4.05,10.3,2.53,64.74,-2.96,0
HDFCBANK,-1.43,7.35,3.17,73.77,2.72,1
ICICIBANK,-2.04,-12.94,1.68,36.6,0.21,0
SBIN,0.8,-11.68,3.34,67.33,-2.78,1
LT,2.66,-7.82,0.54,42.17,-2.13,1
ITC,1.3,-15.33,1.15,63.86,-1.13,1
AXISBANK,3.86,-6.21,1.38,68.07,3.13,1
BHARTIARTL,-0.76,5.43,1.84,26.21,2.54,1
RELIANCE,2.06,-16.83,3.18,75.55,1.84,1
TCS,3.11,-10.1,0.8,64.11,-2.05,1
INFY,3.16,-17.44,1.16,54.04,2.85,1
HDFCBANK,3.06,-17.55,2.26,26.38,1.74,1
ICICIBANK,-3.57,-16.4,3.32,52.97,2.08,1
SBIN,-2.27,18.16,1.54,47.28,2.59,1
LT,4.32,-0.59,2.66,76.88,2.36,1
ITC,3.84,-8.96,3.49,56.43,-2.1,1
AXISBANK,-1.79,-1.26,0.96,75.94,-3.01,0
BHARTIARTL,3.97,-1.94,1.29,26.74,-0.29,1
RELIANCE,3.67,11.48,2.79,71.29,-2.89,0
TCS,-4.27,22.96,1.51,41.25,2.19,1
INFY,1.7,13.63,2.14,35.77,2.21,1
HDFCBANK,3.9,-8.8,1.53,36.71,1.68,1
ICICIBANK,-0.96,11.28,2.45,61.53,1.88,1
SBIN,-0.65,21.3,2.04,52.79,0.5,0
LT,0.92,24.3,1.25,50.7,-2.9,1
ITC,-2.38,21.13,1.56,34.87,2.93,1
AXISBANK,-1.65,-10.54,3.0,34.99,1.78,1
BHARTIARTL,-1.83,22.28,2.48,58.8,-0.45,0
RELIANCE,4.4,15.12,0.89,43.07,0.7,1
TCS,-0.44,-9.28,0.9,66.35,1.79,1
INFY,2.35,24.75,3.44,30.25,1.68,1
HDFCBANK,-3.86,13.15,0.63,35.66,-2.78,0
ICICIBANK,-0.04,24.97,1.44,38.35,0.98,0
SBIN,2.6,24.9,1.06,69.5,1.43,1
LT,-3.38,21.73,2.55,54.48,1.93,1
ITC,-1.75,13.27,1.32,60.1,0.36,0
AXISBANK,-4.23,5.64,2.56,29.89,-1.7,0
BHARTIARTL,2.51,-4.31,2.05,68.28,-2.83,1
RELIANCE,-3.4,-17.11,0.76,33.4,-0.23,0
TCS,-1.59,17.5,2.37,34.77,2.15,1
INFY,0.2,-15.13,0.66,70.59,0.67,0
HDFCBANK,1.94,-13.91,2.25,64.81,0.99,1
ICICIBANK,2.59,2.42,1.18,36.57,-0.65,1
SBIN,-2.9,-18.18,1.08,53.09,-2.83,0
LT,3.62,-6.39,2.51,74.6,0.12,0
ITC,-3.62,-0.43,3.45,49.11,-2.39,0
AXISBANK,0.56,14.43,0.86,63.72,-2.68,1
BHARTIARTL,1.33,17.14,1.33,64.4,-3.13,1
RELIANCE,-1.29,13.02,2.34,57.26,-1.9,0
TCS,3.85,23.72,1.67,68.63,0.78,1
INFY,2.98,-6.6,0.58,51.77,1.42,1
HDFCBANK,2.05,-17.04,1.44,26.19,-0.98,1
ICICIBANK,-2.7,-6.03,1.24,67.75,1.8,1
SBIN,-0.33,-9.05,3.06,47.57,0.08,0
LT,-2.9,-15.57,1.68,34.52,0.36,0
ITC,4.46,-6.97,1.76,33.94,-0.25,1
AXISBANK,-0.76,-15.79,3.38,60.95,-0.06,0
BHARTIARTL,-0.14,1.47,2.52,65.86,3.04,1
RELIANCE,-2.88,-8.01,2.4,35.97,2.72,1
TCS,1.25,20.68,0.57,71.01,2.99,1
INFY,3.53,-0.85,3.09,29.39,1.7,1
HDFCBANK,-4.08,14.87,0.98,27.66,-3.14,0
ICICIBANK,0.66,24.31,1.76,51.17,3.14,1
SBIN,0.09,3.07,3.01,51.17,3.07,1
LT,-2.54,7.16,3.24,48.32,-1.88,0
ITC,-0.77,19.93,0.5,56.33,0.61,0
AXISBANK,-3.89,20.0,2.8,57.32,-1.86,0
BHARTIARTL,-0.47,-4.78,2.39,64.45,1.25,1
RELIANCE,-3.11,-12.08,3.3,59.83,-0.82,0
TCS,0.71,-7.45,2.46,32.86,-0.51,1
INFY,-3.63,23.72,3.33,44.99,2.86,1
HDFCBANK,1.67,22.78,2.7,41.6,0.36,1
ICICIBANK,-1.78,-11.62,1.86,63.04,1.07,1
SBIN,-3.6,-6.39,1.62,58.5,-2.92,0
LT,-4.12,-13.12,2.15,40.53,0.92,0
ITC,-3.17,18.64,3.46,65.82,-0.0,0
AXISBANK,2.97,-11.62,1.3,50.34,-1.88,1
BHARTIARTL,-2.89,-7.01,2.2,34.46,-0.35,0
RELIANCE,-1.38,0.27,1.44,36.04,1.76,1
TCS,2.55,-10.24,0.81,61.36,0.49,1
INFY,4.14,-9.76,0.77,75.52,0.89,0
HDFCBANK,-0.32,-18.22,0.51,35.27,-3.0,0
ICICIBANK,0.13,23.94,1.76,63.3,-0.76,1
SBIN,-2.15,-4.08,1.5,30.66,-0.17,0
LT,1.35,21.56,1.03,59.8,-2.1,1
ITC,2.11,-16.24,0.82,28.82,0.61,1
AXISBANK,0.99,-17.01,2.19,45.23,2.78,1
BHARTIARTL,0.85,-17.16,1.72,25.59,-2.51,1
RELIANCE,0.49,-12.51,3.05,35.43,-2.31,1
TCS,4.26,18.32,2.95,39.9,1.2,1
INFY,2.11,20.36,2.73,65.55,2.9,1
HDFCBANK,-3.1,19.91,1.91,49.67,-0.07,0
ICICIBANK,3.93,-14.09,0.68,25.97,-0.07,1
SBIN,-3.02,-9.13,0.51,60.63,1.89,1
LT,2.89,-12.01,2.46,48.59,-1.07,1
ITC,3.71,2.1,3.03,56.4,-3.08,1
AXISBANK,3.88,24.02,2.23,69.72,-1.33,1
BHARTIARTL,2.44,20.23,1.11,52.82,-2.79,1
RELIANCE,-4.07,9.84,3.23,51.26,-2.44,0
TCS,-3.82,17.79,2.92,38.1,2.0,1
INFY,-3.23,9.94,0.66,54.94,-0.14,0
HDFCBANK,1.22,-13.1,2.6,31.91,-2.9,1
ICICIBANK,-1.75,-0.59,0.78,36.1,-1.75,0
SBIN,4.19,12.49,1.59,53.62,-2.09,1
LT,-0.86,-12.8,1.09,42.01,0.79,0
ITC,-3.3,-10.72,1.57,39.82,2.88,1
AXISBANK,1.14,18.86,2.0,42.13,2.46,1
BHARTIARTL,-2.47,-3.46,2.46,53.31,-1.66,0
RELIANCE,0.3,22.95,2.59,57.62,-2.33,1
TCS,-1.34,-4.57,1.43,45.31,2.61,1
INFY,-2.34,10.55,3.29,50.41,-0.92,0
HDFCBANK,3.82,7.46,1.19,33.31,1.65,1
ICICIBANK,1.03,23.2,2.77,28.92,1.44,1
SBIN,0.06,20.15,3.12,76.29,0.4,0
LT,-0.88,-8.78,3.12,31.46,2.52,1
ITC,1.49,-1.51,1.19,30.27,1.04,1
AXISBANK,-0.69,-17.03,3.35,42.24,-2.76,0
BHARTIARTL,-3.47,-19.49,2.04,57.5,0.95,0
RELIANCE,2.6,6.31,3.03,64.81,0.79,1
TCS,3.07,0.69,2.32,43.06,3.05,1
INFY,1.12,-8.3,3.45,69.64,1.13,1
HDFCBANK,1.37,5.92,2.93,28.42,1.46,1
ICICIBANK,-2.67,-16.39,2.65,57.77,-1.0,0
SBIN,2.87,4.22,0.85,62.36,1.46,1
LT,4.03,-9.51,1.36,46.91,3.03,1
ITC,-2.43,15.18,3.37,57.73,3.0,1
AXISBANK,-2.92,-0.61,1.88,38.8,3.07,1
BHARTIARTL,-4.31,4.64,0.94,35.21,1.07,1
RELIANCE,-4.32,-10.13,2.5,32.66,1.25,1
TCS,-3.23,14.22,2.19,62.67,1.81,1
INFY,-3.26,-7.47,3.05,66.95,-1.61,0
HDFCBANK,3.68,3.26,2.53,40.72,1.0,1
ICICIBANK,1.62,-13.37,2.92,46.04,0.75,1
SBIN,-3.24,-14.94,1.49,25.09,0.19,0
LT,-3.34,-15.32,3.34,49.66,-0.54,0
ITC,-2.29,21.34,3.39,31.57,0.21,0
AXISBANK,-3.05,3.73,2.29,42.94,-1.24,0
BHARTIARTL,-0.68,-14.5,2.24,41.59,0.73,0
RELIANCE,0.26,6.22,0.83,43.17,-0.62,1
TCS,1.8,-1.78,3.41,68.96,-3.19,1
INFY,4.36,-6.17,0.81,64.23,-1.79,1
HDFCBANK,2.83,15.27,0.6,42.55,-2.94,1
ICICIBANK,0.36,-12.5,1.51,42.27,0.27,1
SBIN,2.11,-12.67,3.08,26.91,-2.47,1
LT,1.2,-10.96,2.0,69.29,0.01,1
ITC,-3.68,-7.33,1.55,57.9,-2.23,0
AXISBANK,4.47,-4.46,1.84,68.97,1.54,1
BHARTIARTL,2.33,17.25,0.56,54.21,-1.78,1
RELIANCE,-0.17,-13.26,2.33,38.9,-1.8,0
TCS,-1.54,-4.59,3.36,34.27,-2.84,0
INFY,4.11,6.81,3.19,77.31,3.06,1
HDFCBANK,-4.42,22.5,2.24,50.89,0.11,0
ICICIBANK,-2.52,12.11,0.74,67.14,-2.34,0
SBIN,1.59,-7.18,0.95,74.11,-1.62,0
LT,-2.36,19.09,3.24,76.76,-2.28,0
ITC,-0.24,10.46,3.19,67.06,1.81,1
AXISBANK,3.56,-18.29,1.55,39.41,-0.26,1
BHARTIARTL,4.2,12.89,1.82,47.97,2.21,1
RELIANCE,-3.27,-7.42,0.96,76.59,1.66,1
TCS,4.08,12.88,1.58,33.64,-2.78,1
INFY,1.78,-5.79,2.82,70.22,2.48,1
HDFCBANK,-3.11,11.0,3.49,38.21,-2.17,0
ICICIBANK,4.3,-17.54,0.71,31.41,-0.54,1
SBIN,3.03,-14.12,3.25,48.94,2.81,1
LT,-2.91,-2.72,2.9,29.86,0.89,0
ITC,-4.04,12.17,0.75,28.31,0.2,0
AXISBANK,-3.81,13.4,1.44,53.45,-2.37,0
BHARTIARTL,1.56,20.91,2.4,25.52,-1.88,1
RELIANCE,2.31,19.46,1.21,31.81,-0.24,1
TCS,1.35,22.08,1.16,32.91,-2.77,1
INFY,2.14,5.47,1.69,61.89,0.46,1
HDFCBANK,4.36,16.71,1.37,36.34,-1.27,1
ICICIBANK,-1.12,15.77,2.62,46.08,2.24,1
SBIN,-0.2,-10.91,1.03,70.18,-0.12,0
LT,1.1,-7.27,2.02,61.17,-2.77,1
ITC,-2.57,1.62,3.04,62.81,-1.14,0
AXISBANK,-3.8,-15.79,1.06,46.61,0.36,0
BHARTIARTL,2.03,-11.12,1.77,36.79,-0.78,1
RELIANCE,4.13,7.25,3.16,61.99,0.0,1
TCS,0.17,-6.46,3.12,47.3,-2.39,1
INFY,-0.49,-16.96,2.26,34.63,2.63,1
HDFCBANK,-4.35,-14.57,2.28,61.18,0.88,0
ICICIBANK,3.82,11.07,1.36,69.28,-1.26,1
SBIN,-1.05,10.26,0.99,53.83,2.52,1
LT,-1.76,-18.64,1.46,67.32,-2.92,0
ITC,-1.64,16.17,1.77,30.69,2.58,1
AXISBANK,0.39,22.64,1.31,58.32,-1.53,1
BHARTIARTL,-0.67,21.49,3.44,74.02,1.77,1
RELIANCE,1.57,-15.71,3.5,72.61,0.25,0
TCS,3.33,-2.02,2.07,26.35,-0.1,1
INFY,-3.67,-1.28,2.9,27.6,0.82,0
HDFCBANK,-0.21,16.33,2.86,34.39,-2.93,0
ICICIBANK,-1.06,10.25,0.71,26.34,-2.98,0
SBIN,0.25,-19.82,1.18,43.74,0.2,1
LT,-1.06,12.86,2.21,54.18,-1.99,0
ITC,3.32,4.81,3.31,75.14,1.56,1
AXISBANK,-3.47,7.39,2.67,55.67,0.76,0
BHARTIARTL,3.93,5.95,1.78,43.83,0.41,1
RELIANCE,1.03,-7.86,0.93,29.35,-3.16,1
TCS,-0.61,0.88,1.9,74.77,0.09,0
INFY,-3.55,13.92,1.9,43.08,-0.32,0
HDFCBANK,-0.03,-17.43,1.65,60.64,0.67,0
ICICIBANK,-2.33,-4.55,0.56,51.07,-2.77,0
SBIN,2.59,-12.7,2.24,32.27,1.9,1
LT,0.39,-17.57,1.44,43.99,-1.92,1
ITC,-4.3,11.33,3.38,30.58,0.34,0
AXISBANK,2.66,13.54,1.68,34.22,1.75,1
BHARTIARTL,-1.87,-12.6,0.62,76.85,2.28,1
RELIANCE,-2.4,9.61,0.94,39.23,1.39,1
TCS,3.23,-15.91,2.04,47.94,-2.35,1
INFY,1.55,-1.76,2.72,66.31,0.58,1
HDFCBANK,0.56,-0.36,1.45,42.98,-0.73,1
ICICIBANK,-4.5,15.17,2.24,58.52,1.69,1
SBIN,-2.42,-3.5,2.64,29.54,0.4,0
LT,-1.84,7.79,2.84,46.83,-0.18,0
ITC,2.42,-19.06,2.8,74.96,1.2,1
AXISBANK,3.75,-18.3,2.9,61.04,2.16,1
BHARTIARTL,-3.19,18.36,3.38,62.0,-0.44,0
RELIANCE,3.13,15.77,2.92,40.66,2.7,1
TCS,-1.0,6.73,0.58,67.34,0.26,0
INFY,-2.41,21.51,0.83,33.83,0.25,0
HDFCBANK,-3.3,-8.44,2.14,33.34,-0.64,0
ICICIBANK,-2.64,-11.13,1.41,48.2,-0.79,0
SBIN,-4.35,-0.35,3.15,70.66,1.94,1
LT,-4.25,24.66,3.47,39.95,-0.02,0
ITC,-3.66,9.73,1.27,63.91,1.63,1
AXISBANK,-3.18,14.23,3.02,68.21,-0.66,0
BHARTIARTL,3.37,-14.14,2.1,43.52,2.53,1
RELIANCE,3.36,-7.3,0.56,35.29,-2.77,1
TCS,-2.67,1.57,0.7,30.08,-2.73,0
INFY,1.02,3.28,2.91,26.77,-0.59,1
HDFCBANK,4.41,-15.87,1.34,72.65,0.6,0
ICICIBANK,-0.78,-17.49,2.77,77.77,0.93,0
SBIN,-3.49,-13.89,2.87,49.84,1.13,1
LT,0.3,10.79,2.82,43.9,2.51,1
ITC,-0.82,23.61,3.15,55.87,-1.25,0
AXISBANK,-2.41,20.42,3.35,61.73,2.58,1
BHARTIARTL,2.73,-7.38,1.81,26.67,-2.13,1
RELIANCE,3.93,16.2,2.49,67.43,2.91,1
TCS,2.46,-9.92,2.86,77.39,-2.91,0
INFY,-1.89,23.44,1.57,75.28,-1.06,0
HDFCBANK,0.8,11.8,1.46,67.57,2.9,1
ICICIBANK,-1.53,3.15,2.86,76.02,-0.05,0
SBIN,0.71,12.3,0.73,33.96,0.68,1
LT,0.74,11.89,2.64,72.9,1.79,1
ITC,0.57,-12.64,2.13,68.95,2.41,1
AXISBANK,1.46,-16.4,2.73,41.51,0.59,1
BHARTIARTL,1.14,-1.34,0.91,56.8,2.01,1
RELIANCE,-3.74,6.59,2.51,57.89,0.6,0
TCS,1.4,15.37,2.04,76.63,-1.13,0
INFY,-0.27,16.21,1.03,60.55,-1.19,0
HDFCBANK,-1.05,-15.75,1.31,72.17,0.31,0
ICICIBANK,-2.04,-1.72,2.02,68.92,-2.25,0
SBIN,-0.53,-0.13,1.31,38.23,1.54,1
LT,2.97,0.23,0.91,74.04,1.88,1
ITC,-1.52,17.45,0.95,40.67,1.92,1
AXISBANK,-0.37,13.09,1.79,65.8,-0.42,0
BHARTIARTL,-0.47,4.0,1.32,25.02,-1.78,0
RELIANCE,2.61,2.7,2.83,52.27,-2.77,1
TCS,-1.11,2.32,0.57,68.36,-1.31,0
INFY,2.28,-2.66,2.17,52.63,-0.65,1
HDFCBANK,-2.96,12.68,3.2,55.37,0.42,0
ICICIBANK,0.63,13.46,2.36,59.02,2.4,1
SBIN,-1.34,-4.08,2.96,62.88,-0.89,0
LT,-0.58,-2.06,3.25,52.67,-2.65,0
ITC,2.17,-8.17,3.16,58.77,-2.02,1
AXISBANK,0.42,-13.53,2.51,75.48,0.74,0
BHARTIARTL,-3.09,-8.85,1.01,58.05,1.95,1
RELIANCE,0.18,22.23,0.75,33.82,0.47,1
TCS,-0.76,-16.81,1.87,26.36,-0.32,0
INFY,4.17,-2.35,1.12,31.64,1.83,1
HDFCBANK,0.4,23.79,1.46,59.07,-0.98,1
ICICIBANK,3.89,8.32,0.94,52.39,0.75,1
SBIN,4.41,1.65,3.27,33.67,-0.34,1
LT,2.78,9.17,2.3,69.88,-0.26,1
ITC,4.11,-19.91,1.12,68.74,-0.8,1
AXISBANK,-1.66,-0.71,3.31,48.22,-1.81,0
BHARTIARTL,-2.0,-7.66,2.91,38.62,-2.5,0
RELIANCE,2.45,-14.69,1.46,70.76,-2.5,0
TCS,3.04,23.95,1.88,31.97,1.99,1
INFY,0.36,-15.98,1.33,44.36,2.88,1
HDFCBANK,-0.27,1.23,2.63,68.84,2.11,1
ICICIBANK,0.94,9.63,1.27,36.59,0.89,1
SBIN,-1.59,-2.33,1.48,73.9,1.71,1
LT,0.87,7.85,2.22,28.64,-2.26,1
ITC,-3.19,-15.66,0.64,47.92,1.46,1
AXISBANK,-3.57,-7.58,2.86,47.6,0.21,0
BHARTIARTL,-4.33,20.71,3.19,29.32,0.48,0
RELIANCE,-4.41,8.19,1.41,57.33,0.32,0
TCS,0.98,5.32,2.25,34.88,-0.8,1
INFY,1.23,15.18,1.64,68.55,-0.69,1
HDFCBANK,2.24,-14.27,2.05,65.59,-0.97,1
ICICIBANK,3.21,-2.62,2.4,53.15,2.29,1
SBIN,-1.65,10.02,3.24,76.79,2.04,1
LT,2.5,21.11,1.9,71.94,2.9,1
ITC,-3.51,11.5,1.06,30.34,-2.76,0
AXISBANK,-2.11,4.04,2.27,55.26,2.17,1
BHARTIARTL,-0.11,20.43,2.67,34.77,3.19,1
RELIANCE,-2.14,-18.38,0.84,43.78,-0.96,0
TCS,2.77,-13.93,2.86,72.11,-2.8,0
INFY,3.7,-3.88,2.87,74.66,1.7,1
HDFCBANK,3.14,-12.98,2.71,73.34,-2.38,0
ICICIBANK,-3.02,12.27,3.27,73.88,0.93,0
SBIN,-2.21,-17.56,1.51,63.57,-3.11,0
LT,1.47,14.04,1.65,61.85,2.86,1
ITC,-2.07,23.17,2.21,54.4,1.54,1
AXISBANK,-2.52,-1.48,1.07,49.81,-0.58,0
BHARTIARTL,-0.85,11.6,3.0,69.73,-1.73,0
RELIANCE,-3.51,-17.01,2.51,44.33,3.13,1
TCS,3.53,-6.82,2.44,33.4,0.88,1
INFY,-1.31,-6.09,1.5,48.2,0.96,0
HDFCBANK,-3.05,-15.75,2.12,39.55,0.49,0
ICICIBANK,-2.65,-15.13,2.95,32.5,-0.17,0
SBIN,-2.05,11.82,1.6,28.27,-1.01,0
LT,-4.23,-7.56,3.29,54.66,3.2,1
ITC,2.83,18.28,1.41,55.22,-1.44,1
AXISBANK,-1.69,3.26,0.59,72.98,-2.38,0
BHARTIARTL,4.12,-18.42,1.97,48.2,-0.46,1
RELIANCE,0.19,2.14,0.62,57.26,2.13,1
TCS,-2.0,1.77,2.42,77.43,1.08,1
INFY,3.79,23.45,1.0,54.37,1.08,1
HDFCBANK,-1.7,-11.5,2.6,58.98,-0.74,0
ICICIBANK,-2.35,-18.88,1.82,63.98,0.86,0
SBIN,-3.4,-6.1,2.91,25.64,1.87,1
LT,1.49,5.16,3.32,32.47,3.2,1
ITC,3.34,-6.13,1.32,71.45,2.37,1
AXISBANK,0.42,15.53,1.18,65.56,-0.47,1
BHARTIARTL,-2.52,24.37,0.79,74.26,1.9,1
RELIANCE,1.75,18.96,2.27,35.51,0.74,1
TCS,0.38,22.85,3.36,49.47,-1.15,1
INFY,0.95,24.43,0.94,30.5,1.29,1
HDFCBANK,3.22,-3.49,1.38,56.37,0.77,1
ICICIBANK,-0.72,10.92,2.15,46.7,-3.16,0
SBIN,-0.41,-7.01,1.73,54.81,-0.97,0
LT,-0.58,12.9,1.67,58.97,-2.44,0
ITC,3.08,-17.23,1.24,25.6,1.6,1
AXISBANK,-0.07,1.39,1.88,45.21,1.45,1
BHARTIARTL,-1.9,-4.57,3.24,57.01,2.14,1
RELIANCE,-4.48,-0.69,0.92,25.64,1.65,1
TCS,4.16,6.39,3.46,32.0,1.47,1
INFY,-4.21,6.09,2.31,66.43,-2.08,0
HDFCBANK,-3.54,-11.56,0.59,44.38,-2.65,0
ICICIBANK,0.0,2.87,2.07,35.9,1.5,1
SBIN,2.25,5.46,1.49,29.65,0.66,1
LT,-1.63,0.45,3.15,46.79,0.29,0
ITC,3.66,12.3,1.08,59.39,3.05,1
AXISBANK,2.81,23.78,2.74,47.28,-1.91,1
BHARTIARTL,2.78,2.67,2.54,26.71,1.3,1
RELIANCE,-1.27,24.58,3.22,61.92,-0.3,0
TCS,0.56,20.41,1.25,68.12,1.08,1
INFY,-1.33,3.78,0.57,33.18,-2.65,0
HDFCBANK,-2.03,-12.05,0.97,50.16,0.36,0
ICICIBANK,1.23,20.03,2.09,73.0,-1.95,0
SBIN,-0.83,-11.1,0.62,72.29,-2.82,0
LT,0.8,0.79,3.43,36.33,1.77,1
ITC,-0.89,-0.46,1.45,35.07,2.93,1
AXISBANK,-4.39,-8.14,1.22,64.86,0.16,0
BHARTIARTL,0.13,14.16,0.92,27.68,-1.14,1
RELIANCE,2.58,-16.43,1.69,70.05,1.24,1
TCS,2.73,-4.94,3.05,28.33,-3.08,1
INFY,-2.11,24.44,2.4,58.91,-2.32,0
HDFCBANK,3.17,3.56,2.19,31.51,1.06,1
ICICIBANK,-1.91,7.41,1.29,34.71,2.39,1
SBIN,2.63,17.62,2.22,71.96,-1.27,0
LT,-4.16,3.61,1.35,31.62,2.43,1
ITC,-3.57,20.14,2.58,63.28,3.16,1
AXISBANK,4.19,16.31,3.48,71.08,-2.33,0
BHARTIARTL,-3.74,15.4,1.55,56.89,-2.84,0
